{
  "content_tags" : [ {
    "name" : "SEARCH",
    "source" : "MARKETPLACE"
  }, {
    "name" : "COMPATIBLE_BLOG",
    "source" : "MARKETPLACE"
  }, {
    "name" : "COMPATIBLE_PAGE",
    "source" : "MARKETPLACE"
  }, {
    "name" : "SEARCH",
    "source" : "USER"
  } ],
  "global" : false,
  "icon" : "../../../mV0_hubspot/img/icon/edited-search.svg",
  "host_template_types" : [ "PAGE", "BLOG_POST", "BLOG_LISTING" ],
  "module_id" : 65555531329,
  "label" : "search_form",
  "is_available_for_new_content" : true
}