[ {
  "id" : "1e8b4831-a1cd-cd5f-9cf6-98b6e6837fcb",
  "name" : "heading_sba",
  "display_width" : null,
  "label" : "Heading",
  "required" : false,
  "locked" : false,
  "validation_regex" : "",
  "allow_new_line" : false,
  "show_emoji_picker" : false,
  "type" : "text",
  "default" : "Quickly find the cover that’s best for you"
}, {
  "id" : "802085d4-0370-e58f-e8a6-0c0eced9691b",
  "name" : "content_sba",
  "display_width" : null,
  "label" : "Content",
  "required" : false,
  "locked" : false,
  "validation_regex" : "",
  "allow_new_line" : false,
  "show_emoji_picker" : false,
  "type" : "text",
  "default" : "<strong>Policywise tells you which health, life or disability insurance best matches your circumstances, 100% free.</strong> Talk to one of our insurance advisers to find out which health or life insurance is best for bowel cancer, and other serious illnesses."
}, {
  "id" : "5cb3d910-33b5-a946-09a0-88400dcd93a9",
  "name" : "button_name_sba",
  "display_width" : null,
  "label" : "Button Name",
  "required" : false,
  "locked" : false,
  "validation_regex" : "",
  "allow_new_line" : false,
  "show_emoji_picker" : false,
  "type" : "text",
  "default" : "Talk to an adviser <small>It’s fast &amp; free</small>"
}, {
  "id" : "766f33ae-8f38-e569-c753-90722c9af8a3",
  "name" : "button_url_sba",
  "display_width" : null,
  "label" : "Button URL",
  "required" : false,
  "locked" : false,
  "supported_types" : [ "EXTERNAL", "CONTENT", "FILE", "EMAIL_ADDRESS", "BLOG" ],
  "type" : "url",
  "default" : {
    "content_id" : null,
    "href" : "",
    "type" : "EXTERNAL"
  }
} ]