[ {
  "id" : "574493da-2aed-f662-e08b-d7100b6bb98a",
  "name" : "form_field_d",
  "display_width" : null,
  "label" : "Form",
  "required" : false,
  "locked" : true,
  "type" : "form",
  "default" : {
    "response_type" : "inline",
    "message" : "Thanks for submitting the form."
  }
}, {
  "id" : "958fae5b-f718-692a-0982-d7c14bddc106",
  "name" : "progress_value",
  "display_width" : null,
  "label" : "Progress value",
  "required" : false,
  "locked" : true,
  "display" : "text",
  "step" : 1,
  "type" : "number"
} ]