[ {
  "id" : "1f05f7c8-e681-e07a-40be-92edc3f6e494",
  "name" : "placeholder",
  "display_width" : null,
  "label" : "Placeholder text",
  "required" : false,
  "locked" : false,
  "validation_regex" : "",
  "allow_new_line" : false,
  "show_emoji_picker" : false,
  "type" : "text",
  "default" : "Search..."
}, {
  "id" : "c1832b31-6790-c175-ae93-2e22e9a80099",
  "name" : "content_types",
  "display_width" : null,
  "label" : "Field group",
  "required" : false,
  "locked" : false,
  "children" : [ {
    "id" : "f13d6539-144f-8c37-479d-f2a934952aaa",
    "name" : "website_pages",
    "display_width" : null,
    "label" : "Website pages",
    "required" : false,
    "locked" : false,
    "display" : "checkbox",
    "type" : "boolean",
    "default" : true
  }, {
    "id" : "1573822a-f516-b33e-c886-484a8d5e5e02",
    "name" : "landing_pages",
    "display_width" : null,
    "label" : "Landing pages",
    "required" : false,
    "locked" : false,
    "display" : "checkbox",
    "type" : "boolean",
    "default" : true
  }, {
    "id" : "a83f3221-cc64-b421-a961-d35cb63f61c5",
    "name" : "blog_posts",
    "display_width" : null,
    "label" : "Blog posts",
    "required" : false,
    "locked" : false,
    "display" : "checkbox",
    "type" : "boolean",
    "default" : true
  }, {
    "id" : "ef16de43-ea27-e34a-66c8-29ba763cf275",
    "name" : "knowledge_articles",
    "display_width" : null,
    "label" : "Knowledge articles",
    "required" : false,
    "locked" : false,
    "display" : "checkbox",
    "type" : "boolean",
    "default" : true
  } ],
  "tab" : "CONTENT",
  "expanded" : false,
  "type" : "group",
  "default" : {
    "website_pages" : true,
    "landing_pages" : true,
    "blog_posts" : true,
    "knowledge_articles" : true
  }
} ]