[ {
  "id" : "button_text",
  "name" : "button_text",
  "display_width" : null,
  "label" : "Button text",
  "required" : true,
  "locked" : false,
  "validation_regex" : "",
  "allow_new_line" : false,
  "show_emoji_picker" : false,
  "type" : "text",
  "default" : "Add a button link here"
}, {
  "id" : "button_options",
  "name" : "button_options",
  "display_width" : null,
  "label" : "Button options",
  "required" : false,
  "locked" : false,
  "children" : [ {
    "id" : "button_link_toggle",
    "name" : "button_link_toggle",
    "display_width" : null,
    "label" : "Use as link",
    "required" : false,
    "locked" : false,
    "display" : "checkbox",
    "type" : "boolean",
    "default" : false
  }, {
    "id" : "button_icon_toggle",
    "name" : "button_icon_toggle",
    "display_width" : null,
    "label" : "Add icon",
    "required" : false,
    "locked" : false,
    "display" : "checkbox",
    "type" : "boolean",
    "default" : false
  } ],
  "tab" : "CONTENT",
  "expanded" : false,
  "type" : "group"
}, {
  "id" : "button_link",
  "name" : "button_link",
  "display_width" : null,
  "label" : "Button link",
  "required" : false,
  "locked" : false,
  "visibility" : {
    "controlling_field" : "button_link_toggle",
    "controlling_field_path" : null,
    "controlling_value_regex" : "true",
    "property" : null,
    "operator" : "EQUAL",
    "access" : null,
    "hidden_subfields" : null
  },
  "supported_types" : [ "EXTERNAL", "CONTENT", "FILE", "EMAIL_ADDRESS", "BLOG" ],
  "show_advanced_rel_options" : false,
  "type" : "link",
  "default" : {
    "url" : {
      "type" : "EXTERNAL",
      "href" : "www.hubspot.com",
      "content_id" : null
    }
  }
}, {
  "id" : "button_icon",
  "name" : "button_icon",
  "display_width" : null,
  "label" : "Icon",
  "required" : false,
  "locked" : false,
  "visibility" : {
    "controlling_field" : "button_icon_toggle",
    "controlling_field_path" : null,
    "controlling_value_regex" : "true",
    "property" : null,
    "operator" : "EQUAL",
    "access" : null,
    "hidden_subfields" : null
  },
  "children" : [ {
    "id" : "button_icon.icon_field",
    "name" : "icon_field",
    "display_width" : null,
    "label" : "Add icon",
    "required" : false,
    "locked" : false,
    "icon_set" : "fontawesome-5.0.10",
    "type" : "icon",
    "default" : {
      "name" : null,
      "unicode" : null,
      "type" : "REGULAR"
    }
  }, {
    "id" : "button_icon.icon_position",
    "name" : "icon_position",
    "display_width" : null,
    "label" : "Position",
    "required" : false,
    "locked" : false,
    "display" : "select",
    "choices" : [ [ "left", "Left" ], [ "right", "Right" ] ],
    "multiple" : false,
    "reordering_enabled" : true,
    "type" : "choice",
    "default" : "left"
  } ],
  "tab" : "CONTENT",
  "expanded" : false,
  "type" : "group"
}, {
  "id" : "style",
  "name" : "style",
  "display_width" : null,
  "label" : "Style options",
  "required" : false,
  "locked" : false,
  "children" : [ {
    "id" : "style.button_type",
    "name" : "button_type",
    "display_width" : null,
    "label" : "Button Style",
    "required" : false,
    "locked" : false,
    "display" : "radio",
    "choices" : [ [ "primary", "Primary" ], [ "secondary", "Secondary" ], [ "simple", "Simple" ] ],
    "multiple" : false,
    "reordering_enabled" : true,
    "type" : "choice",
    "default" : "primary"
  }, {
    "id" : "style.button_size",
    "name" : "button_size",
    "display_width" : null,
    "label" : "Button Size",
    "required" : false,
    "locked" : false,
    "display" : "radio",
    "choices" : [ [ "small", "Small" ], [ "regular", "Regular" ], [ "large", "Large" ] ],
    "multiple" : false,
    "reordering_enabled" : true,
    "type" : "choice",
    "default" : "regular"
  } ],
  "tab" : "CONTENT",
  "expanded" : false,
  "type" : "group"
} ]