[ {
  "id" : "headshot",
  "name" : "headshot",
  "display_width" : null,
  "label" : "Headshot",
  "required" : false,
  "locked" : false,
  "responsive" : false,
  "resizable" : false,
  "show_loading" : true,
  "type" : "image",
  "default" : {
    "alt" : "home_lecture",
    "loading" : "disabled",
    "src" : "https://cdn2.hubspot.net/hubfs/7303166/Martech/home-library-couch.png"
  }
}, {
  "id" : "human_name",
  "name" : "human_name",
  "display_width" : null,
  "label" : "Name",
  "required" : false,
  "locked" : false,
  "validation_regex" : "",
  "allow_new_line" : false,
  "show_emoji_picker" : false,
  "type" : "text",
  "default" : "Mort Ricky"
}, {
  "id" : "title",
  "name" : "title",
  "display_width" : null,
  "label" : "Title",
  "required" : false,
  "locked" : false,
  "validation_regex" : "",
  "allow_new_line" : false,
  "show_emoji_picker" : false,
  "type" : "text",
  "default" : "Chief Education Officer"
}, {
  "id" : "description",
  "name" : "description",
  "display_width" : null,
  "label" : "Description",
  "required" : false,
  "locked" : false,
  "type" : "richtext",
  "default" : "<p>Contrary to popular belief, Lorem Ipsum is not simply random text. It has roots in a piece of classical Latin literature from 45 BC, making it over 2000 years old.</p>"
} ]