[ {
  "id" : "title",
  "name" : "title",
  "display_width" : null,
  "label" : "Title",
  "help_text" : "If no title text is provided, this will default to your blog title from blog settings",
  "required" : false,
  "locked" : false,
  "validation_regex" : "",
  "allow_new_line" : false,
  "show_emoji_picker" : false,
  "type" : "text",
  "default" : "Resources"
}, {
  "id" : "subtitle",
  "name" : "content_blg",
  "display_width" : null,
  "label" : "Content",
  "help_text" : "If no subtitle text is provided, this will default to your blog meta description from blog settings",
  "required" : false,
  "locked" : false,
  "validation_regex" : "",
  "allow_new_line" : false,
  "show_emoji_picker" : false,
  "type" : "text",
  "default" : "Here you will find articles and guides to help you navigate your insurance needs. If you’re looking for information on a particular kind of insurance, hit the filter option below, or search for a keyword."
} ]