[ {
  "id" : "9072f151-7a3e-6f7e-a07c-85eb3dd955b8",
  "name" : "heading_br",
  "display_width" : null,
  "label" : "Heading",
  "required" : false,
  "locked" : false,
  "validation_regex" : "",
  "allow_new_line" : false,
  "show_emoji_picker" : false,
  "type" : "text",
  "default" : "References"
}, {
  "id" : "a01e8702-06a9-8db7-58b9-547776af30ab",
  "name" : "content_br",
  "display_width" : null,
  "label" : "Content",
  "required" : false,
  "locked" : false,
  "type" : "richtext",
  "default" : "<ul>\n<li>\n<p>Apa, Margie. “Official Information Act (1982) Request.” Received by Hannah Martin, Counties Manukau Health, 13 Sept. 2018, <a href=\"https://www.countiesmanukau.health.nz/assets/Official-Information-Act/0188ed017d/OIA-08082018-MARTIN-Cancer-Surgical-Wait-times.pdf\" target=\"_blank\" rel=\"noopener\">https://www.countiesmanukau.health.nz/assets/Official-Information-Act/0188ed017d/OIA-08082018-MARTIN-Cancer-Surgical-Wait-times.pdf</a>.</p>\n</li>\n<li>\n<p>About the National Bowel Screening Programme | Time to Screen - National Screening Unit. (n.d.). <a href=\"http://www.timetoscreen.nz\" target=\"_blank\" rel=\"noopener\">www.timetoscreen.nz</a>. <a href=\"https://www.timetoscreen.nz/bowel-screening/about-the-national-bowel-screening-programme/\" target=\"_blank\" rel=\"noopener\">https://www.timetoscreen.nz/bowel-screening/about-the-national-bowel-screening-programme/</a></p>\n</li>\n<li>\n<p>Bowel Cancer. Cancer Society of New Zealand. <a href=\"https://www.cancer.org.nz/assets/Downloads/Bowel-cancer/Cancer-society-information-sheet-bowel-cancer.pdf\" target=\"_blank\" rel=\"noopener\">https://www.cancer.org.nz/assets/Downloads/Bowel-cancer/Cancer-society-information-sheet-bowel-cancer.pdf</a></p>\n</li>\n<li>\n<p>Bowel cancer. (n.d.). Ministry of Health NZ. <a href=\"https://www.health.govt.nz/your-health/conditions-and-treatments/diseases-and-illnesses/bowel-cancer\" target=\"_blank\" rel=\"noopener\">https://www.health.govt.nz/your-health/conditions-and-treatments/diseases-and-illnesses/bowel-cancer</a></p>\n</li>\n<li>\n<p>Bowel cancer (mate pukupuku i te whēkau). Health Navigator New Zealand. Retrieved November 10, 2021, from <a href=\"https://www.healthnavigator.org.nz/health-a-z/b/bowel-cancer/\" target=\"_blank\" rel=\"noopener\">https://www.healthnavigator.org.nz/health-a-z/b/bowel-cancer/</a></p>\n</li>\n<li>\n<p>Bowel Cancer Symptoms New Zealand. (n.d.). Macmurray. Retrieved November 10, 2021, from <a href=\"https://macmurray.co.nz/symptoms/bowel-cancer/\" target=\"_blank\" rel=\"noopener\">https://macmurray.co.nz/symptoms/bowel-cancer/</a></p>\n</li>\n<li>\n<p>Bowel (colorectal) cancer – symptoms, treatment - Southern Cross NZ. (2019). <a href=\"http://Southerncross.co.nz\" target=\"_blank\" rel=\"noopener\">Southerncross.co.nz</a>. <a href=\"https://www.southerncross.co.nz/group/medical-library/bowel-colorectal-cancer-symptoms-treatment\" target=\"_blank\" rel=\"noopener\">https://www.southerncross.co.nz/group/medical-library/bowel-colorectal-cancer-symptoms-treatment</a></p>\n</li>\n<li>\n<p>Bowel screening | Time to Screen - National Screening Unit. (n.d.). <a href=\"http://www.timetoscreen.nz\" target=\"_blank\" rel=\"noopener\">www.timetoscreen.nz</a>. <a href=\"https://www.timetoscreen.nz/bowel-screening/\" target=\"_blank\" rel=\"noopener\">https://www.timetoscreen.nz/bowel-screening/</a></p>\n</li>\n<li>\n<p>Cancer: Historical summary 1948–2017. (n.d.). Ministry of Health NZ. <a href=\"https://www.health.govt.nz/publication/cancer-historical-summary-1948-2017\" target=\"_blank\" rel=\"noopener\">https://www.health.govt.nz/publication/cancer-historical-summary-1948-2017</a></p>\n</li>\n<li>\n<p>Doing the bowel screening test | Time to Screen - National Screening Unit. (n.d.). <a href=\"http://www.timetoscreen.nz\" target=\"_blank\" rel=\"noopener\">www.timetoscreen.nz</a>. Retrieved November 10, 2021, from <a href=\"https://www.timetoscreen.nz/bowel-screening/doing-the-bowel-screening-test/\" target=\"_blank\" rel=\"noopener\">https://www.timetoscreen.nz/bowel-screening/doing-the-bowel-screening-test/</a></p>\n</li>\n<li>\n<p>New Zealand. The Global Cancer Observatory; The Global Cancer Observatory. <a href=\"https://gco.iarc.fr/today/data/factsheets/populations/554-new-zealand-fact-sheets.pdf\" target=\"_blank\" rel=\"noopener\">https://gco.iarc.fr/today/data/factsheets/populations/554-new-zealand-fact-sheets.pdf</a></p>\n</li>\n<li>\n<p>Non-modifiable risk factors - Bowel Cancer Australia. (n.d.). <a href=\"http://www.bowelcanceraustralia.org\" target=\"_blank\" rel=\"noopener\">www.bowelcanceraustralia.org</a>. Retrieved November 10, 2021, from <a href=\"https://www.bowelcanceraustralia.org/non-modifiable-risk-factors#Genetics\" target=\"_blank\" rel=\"noopener\">https://www.bowelcanceraustralia.org/non-modifiable-risk-factors#Genetics</a></p>\n</li>\n<li>\n<p>Non-modifiable risk factors - Bowel Cancer Australia. (n.d.). <a href=\"http://www.bowelcanceraustralia.org\" target=\"_blank\" rel=\"noopener\">www.bowelcanceraustralia.org</a>. Retrieved November 10, 2021, from <a href=\"https://www.bowelcanceraustralia.org/non-modifiable-risk-factors#HereditaryRisk\" target=\"_blank\" rel=\"noopener\">https://www.bowelcanceraustralia.org/non-modifiable-risk-factors#HereditaryRisk</a></p>\n</li>\n<li>\n<p>Ryan-Harshman, M., &amp; Aldoori, W. (2007). Diet and colorectal cancer: Review of the evidence. Canadian Family Physician Medecin de Famille Canadien, 53(11), 1913–1920. <a href=\"https://www.ncbi.nlm.nih.gov/pmc/articles/PMC2231486/\" target=\"_blank\" rel=\"noopener\">https://www.ncbi.nlm.nih.gov/pmc/articles/PMC2231486/</a></p>\n</li>\n<li>\n<p>Screening. Bowel Cancer NZ. <a href=\"https://bowelcancernz.org.nz/about-bowel-cancer/early-detection-and-prevention/screening/\" target=\"_blank\" rel=\"noopener\">https://bowelcancernz.org.nz/about-bowel-cancer/early-detection-and-prevention/screening/</a></p>\n</li>\n<li>\n<p>Symptoms &amp; statistics. Bowel Cancer NZ. <a href=\"https://bowelcancernz.org.nz/about-bowel-cancer/what-is-bowel-cancer/symptoms-statistics/\" target=\"_blank\" rel=\"noopener\">https://bowelcancernz.org.nz/about-bowel-cancer/what-is-bowel-cancer/symptoms-statistics/</a></p>\n</li>\n<li>\n<p>What Are the Risk Factors for Colorectal Cancer? (2019). <a href=\"https://www.cdc.gov/cancer/colorectal/basic_info/risk_factors.htm\" target=\"_blank\" rel=\"noopener\">https://www.cdc.gov/cancer/colorectal/basic_info/risk_factors.htm</a></p>\n</li>\n<li>\n<p>‌What is bowel cancer? (2020, December 3). Cancer Society NZ. <a href=\"https://www.cancer.org.nz/cancer/types-of-cancer/bowel-cancer/\" target=\"_blank\" rel=\"noopener\">https://www.cancer.org.nz/cancer/types-of-cancer/bowel-cancer/</a></p>\n<p>&nbsp;</p>\n</li>\n</ul>"
} ]