[ {
  "id" : "card",
  "name" : "card",
  "display_width" : null,
  "label" : "Card",
  "required" : false,
  "locked" : false,
  "occurrence" : {
    "min" : 1,
    "max" : null,
    "sorting_label_field" : "title",
    "default" : 3
  },
  "children" : [ {
    "id" : "card.image",
    "name" : "image",
    "display_width" : null,
    "label" : "Image",
    "required" : false,
    "locked" : false,
    "responsive" : true,
    "resizable" : true,
    "show_loading" : true,
    "type" : "image",
    "default" : {
      "src" : "https://cdn2.hubspot.net/hubfs/7303166/Martech/services_7.png",
      "alt" : "services_7",
      "loading" : "disabled",
      "width" : 35,
      "height" : 32
    }
  }, {
    "id" : "title",
    "name" : "title",
    "display_width" : null,
    "label" : "Title",
    "required" : true,
    "locked" : false,
    "validation_regex" : "",
    "allow_new_line" : false,
    "show_emoji_picker" : false,
    "type" : "text",
    "default" : "This is a title"
  }, {
    "id" : "card.text",
    "name" : "text",
    "display_width" : null,
    "label" : "Text",
    "required" : false,
    "locked" : false,
    "validation_regex" : "",
    "allow_new_line" : false,
    "show_emoji_picker" : false,
    "type" : "text",
    "default" : "Contextual advertising can be profitable. It can either pay for your hosting and maintenance costs for you website or it can pay for a lot more."
  }, {
    "id" : "card.button_text",
    "name" : "button_text",
    "display_width" : null,
    "label" : "Button text",
    "required" : true,
    "locked" : false,
    "validation_regex" : "",
    "allow_new_line" : false,
    "show_emoji_picker" : false,
    "type" : "text",
    "default" : "Learn More"
  }, {
    "id" : "card.button_link",
    "name" : "button_link",
    "display_width" : null,
    "label" : "Button link",
    "required" : true,
    "locked" : false,
    "supported_types" : [ "EXTERNAL", "CONTENT", "FILE", "EMAIL_ADDRESS", "BLOG" ],
    "show_advanced_rel_options" : false,
    "type" : "link",
    "default" : {
      "url" : {
        "type" : "EXTERNAL",
        "href" : "https://www.hubspot.com",
        "content_id" : null
      }
    }
  } ],
  "tab" : "CONTENT",
  "expanded" : false,
  "type" : "group",
  "default" : [ {
    "image" : {
      "src" : "https://cdn2.hubspot.net/hubfs/7303166/Martech/icon1.svg",
      "alt" : "services_7",
      "loading" : "disabled"
    },
    "title" : "Targeted Emails",
    "text" : "Lorem ipsum dolor sit amet, consectetur adipiscing elit. Nam laoreet sapien sed efficitur ",
    "button_text" : "Read More",
    "button_link" : {
      "url" : {
        "type" : "EXTERNAL",
        "href" : "https://www.hubspot.com",
        "content_id" : null
      }
    }
  }, {
    "image" : {
      "src" : "https://cdn2.hubspot.net/hubfs/7303166/Martech/icon1.svg",
      "alt" : "services_7",
      "loading" : "disabled"
    },
    "title" : "SEO Assistance",
    "text" : "Lorem ipsum dolor sit amet, consectetur adipiscing elit. Nam laoreet sapien sed efficitur ",
    "button_text" : "Learn More",
    "button_link" : {
      "url" : {
        "type" : "EXTERNAL",
        "href" : "https://www.hubspot.com",
        "content_id" : null
      }
    }
  }, {
    "image" : {
      "src" : "https://cdn2.hubspot.net/hubfs/7303166/Martech/icon1.svg",
      "alt" : "services_7",
      "loading" : "disabled"
    },
    "title" : "CRM Techniques",
    "text" : "Lorem ipsum dolor sit amet, consectetur adipiscing elit. Nam laoreet sapien sed efficitur ",
    "button_text" : "Learn More",
    "button_link" : {
      "url" : {
        "type" : "EXTERNAL",
        "href" : "https://www.hubspot.com",
        "content_id" : null
      }
    }
  }, {
    "image" : {
      "src" : "https://cdn2.hubspot.net/hubfs/7303166/Martech/icon1.svg",
      "alt" : "services_7",
      "loading" : "disabled"
    },
    "title" : "Automation",
    "text" : "Lorem ipsum dolor sit amet, consectetur adipiscing elit. Nam laoreet sapien sed efficitur ",
    "button_text" : "Learn More",
    "button_link" : {
      "url" : {
        "type" : "EXTERNAL",
        "href" : "https://www.hubspot.com",
        "content_id" : null
      }
    }
  } ]
} ]