[ {
  "id" : "prev_text",
  "name" : "prev_text",
  "display_width" : null,
  "label" : "Previous text",
  "required" : false,
  "locked" : false,
  "validation_regex" : "",
  "allow_new_line" : false,
  "show_emoji_picker" : false,
  "type" : "text",
  "default" : ""
}, {
  "id" : "next_text",
  "name" : "next_text",
  "display_width" : null,
  "label" : "Next text",
  "required" : false,
  "locked" : false,
  "validation_regex" : "",
  "allow_new_line" : false,
  "show_emoji_picker" : false,
  "type" : "text",
  "default" : ""
} ]