[ {
  "id" : "header",
  "name" : "header",
  "display_width" : null,
  "label" : "Header",
  "required" : false,
  "locked" : false,
  "validation_regex" : "",
  "allow_new_line" : false,
  "show_emoji_picker" : false,
  "type" : "text",
  "default" : "Recognized By"
}, {
  "id" : "logo_images",
  "name" : "logo_images",
  "display_width" : null,
  "label" : "Logo images",
  "required" : false,
  "locked" : false,
  "occurrence" : {
    "min" : 1,
    "max" : 15,
    "sorting_label_field" : null,
    "default" : null
  },
  "responsive" : false,
  "resizable" : true,
  "show_loading" : true,
  "type" : "image",
  "default" : [ {
    "alt" : "Agriflora logo",
    "loading" : "disabled",
    "src" : "https://cdn2.hubspot.net/hubfs/7303166/Logos/color/agriflora.png"
  } ]
}, {
  "id" : "style",
  "name" : "style",
  "display_width" : null,
  "label" : "Style options",
  "required" : false,
  "locked" : false,
  "children" : [ {
    "id" : "style.banner_bg_color",
    "name" : "banner_bg_color",
    "display_width" : null,
    "label" : "Banner background color",
    "required" : false,
    "locked" : false,
    "type" : "color",
    "default" : {
      "color" : "#E9EFF5",
      "opacity" : 100
    }
  }, {
    "id" : "style.banner_fg_color",
    "name" : "banner_fg_color",
    "display_width" : null,
    "label" : "Banner foreground color",
    "required" : false,
    "locked" : false,
    "type" : "color",
    "default" : {
      "color" : "#FFFFFF",
      "opacity" : 40
    }
  } ],
  "tab" : "CONTENT",
  "expanded" : false,
  "type" : "group",
  "default" : {
    "banner_bg_color" : {
      "color" : "#E9EFF5",
      "opacity" : 100
    },
    "banner_fg_color" : {
      "color" : "#FFFFFF",
      "opacity" : 40
    }
  }
} ]