[ {
  "id" : "label_text",
  "name" : "label_text",
  "display_width" : null,
  "label" : "Label text",
  "required" : false,
  "locked" : false,
  "validation_regex" : "",
  "allow_new_line" : false,
  "show_emoji_picker" : false,
  "type" : "text",
  "default" : "Browse by"
}, {
  "id" : "placeholder_text",
  "name" : "placeholder_text",
  "display_width" : null,
  "label" : "Placeholder text",
  "required" : false,
  "locked" : false,
  "validation_regex" : "",
  "allow_new_line" : false,
  "show_emoji_picker" : false,
  "type" : "text",
  "default" : "All"
} ]