[ {
  "id" : "layout_style",
  "name" : "layout_style",
  "display_width" : null,
  "label" : "Layout style",
  "required" : true,
  "locked" : false,
  "display" : "select",
  "choices" : [ [ "list", "List" ], [ "card", "Card" ] ],
  "multiple" : false,
  "reordering_enabled" : true,
  "type" : "choice",
  "default" : "list"
}, {
  "id" : "post_title",
  "name" : "post_title",
  "display_width" : null,
  "label" : "Post title",
  "required" : false,
  "locked" : false,
  "display" : "checkbox",
  "type" : "boolean",
  "default" : true
}, {
  "id" : "description",
  "name" : "description",
  "display_width" : null,
  "label" : "Description",
  "required" : false,
  "locked" : false,
  "display" : "checkbox",
  "type" : "boolean",
  "default" : true
}, {
  "id" : "author",
  "name" : "author",
  "display_width" : null,
  "label" : "Author",
  "required" : false,
  "locked" : false,
  "display" : "checkbox",
  "type" : "boolean",
  "default" : true
}, {
  "id" : "publish_date",
  "name" : "publish_date",
  "display_width" : null,
  "label" : "Publish date",
  "required" : false,
  "locked" : false,
  "display" : "checkbox",
  "type" : "boolean",
  "default" : true
}, {
  "id" : "featured_image",
  "name" : "featured_image",
  "display_width" : null,
  "label" : "Featured image",
  "required" : false,
  "locked" : false,
  "display" : "checkbox",
  "type" : "boolean",
  "default" : true
}, {
  "id" : "tags",
  "name" : "tags",
  "display_width" : null,
  "label" : "Tags",
  "required" : false,
  "locked" : false,
  "display" : "checkbox",
  "type" : "boolean",
  "default" : true
}, {
  "id" : "read_more",
  "name" : "read_more",
  "display_width" : null,
  "label" : "Read more",
  "required" : false,
  "locked" : false,
  "display" : "checkbox",
  "type" : "boolean",
  "default" : true
}, {
  "id" : "read_more_text",
  "name" : "read_more_text",
  "display_width" : null,
  "label" : "Read more text",
  "required" : true,
  "locked" : false,
  "validation_regex" : "",
  "visibility" : {
    "controlling_field" : "read_more",
    "controlling_field_path" : null,
    "controlling_value_regex" : "true",
    "property" : null,
    "operator" : "EQUAL",
    "access" : null,
    "hidden_subfields" : null
  },
  "allow_new_line" : false,
  "show_emoji_picker" : false,
  "type" : "text",
  "default" : "Read More"
} ]